Date,Close,High,Low,Open,Volume
,RELIANCE.NS,RELIANCE.NS,RELIANCE.NS,RELIANCE.NS,RELIANCE.NS
2025-07-30,1404.4906005859375,1417.6381639620695,1395.7256799199,1412.458776601272,7209849
2025-07-31,1384.669677734375,1397.0203743336986,1376.7015020683227,1382.5780559389787,17065827
2025-08-01,1388.15576171875,1400.3073026227253,1378.7932525308158,1381.3828853186424,10321171
2025-08-04,1405.885009765625,1410.466686507784,1386.1637261382157,1389.5502251510159,6312820
2025-08-05,1386.1636962890625,1405.38696851784,1382.5780415934858,1405.38696851784,9315972
2025-08-06,1387.259521484375,1390.3471654369864,1377.797312271222,1386.3630773472378,5834312
2025-08-07,1383.8729248046875,1388.1557462486337,1360.5659868045632,1382.1796145349972,9976705
2025-08-08,1362.35888671875,1391.6418351007062,1359.569976594415,1379.4904158119157,8793606
2025-08-11,1380.6856689453125,1382.4785572067015,1355.7851185633474,1364.5501609316866,9997486
2025-08-12,1374.9088134765625,1396.3232867936674,1369.7294260490362,1376.4028464986861,12244664
2025-08-13,1377.0999755859375,1386.2634508216695,1372.0202877666845,1382.4785186353236,7457021
2025-08-14,1373.800048828125,1380.699951171875,1370.0999755859375,1377.300048828125,7126128
2025-08-18,1381.699951171875,1394.9000244140625,1377.0,1390.0,11785109
2025-08-19,1420.0999755859375,1421.0,1389.0999755859375,1390.0,14384719
2025-08-20,1413.0,1424.9000244140625,1410.0,1413.0,8725641
2025-08-21,1424.800048828125,1431.9000244140625,1420.300048828125,1425.0,11021323
2025-08-22,1409.199951171875,1423.4000244140625,1407.9000244140625,1420.0,5818868
2025-08-25,1412.5999755859375,1419.5,1405.699951171875,1414.699951171875,5979407
2025-08-26,1384.9000244140625,1410.0,1381.5999755859375,1408.0,12145259
2025-08-28,1385.9000244140625,1392.199951171875,1366.5,1389.9000244140625,13161813
2025-08-29,1357.199951171875,1403.5,1350.0,1381.0999755859375,18758842
2025-09-01,1353.9000244140625,1363.199951171875,1340.5999755859375,1356.0,11232238
2025-09-02,1366.5,1384.5,1354.5,1354.800048828125,11517006
2025-09-03,1372.5999755859375,1376.5,1360.5,1369.699951171875,7847563
2025-09-04,1359.300048828125,1374.0,1357.0999755859375,1371.800048828125,13223177
2025-09-05,1375.0,1381.0,1359.300048828125,1363.0,5777575
2025-09-08,1378.5,1386.0,1372.4000244140625,1380.0,6986720
2025-09-09,1376.199951171875,1381.199951171875,1368.699951171875,1376.5999755859375,9754452
2025-09-10,1377.0,1388.5,1374.0999755859375,1383.9000244140625,7790815
2025-09-11,1383.300048828125,1385.5,1375.0,1376.0,9766072
2025-09-12,1395.0,1396.300048828125,1380.5,1383.300048828125,7403368
2025-09-15,1399.300048828125,1400.800048828125,1388.5999755859375,1393.0,5396697
2025-09-16,1405.300048828125,1408.0,1398.199951171875,1404.699951171875,8686961
2025-09-17,1413.800048828125,1416.199951171875,1406.9000244140625,1407.0,7519417
2025-09-18,1415.0,1422.0,1410.699951171875,1420.4000244140625,9332642
2025-09-19,1407.4000244140625,1417.0,1403.5999755859375,1414.9000244140625,13461373
2025-09-22,1390.5999755859375,1410.699951171875,1388.0,1403.9000244140625,7757970
2025-09-23,1389.800048828125,1395.0,1376.800048828125,1391.0,14014702
2025-09-24,1383.0,1396.0,1380.4000244140625,1385.300048828125,5922759
2025-09-25,1372.4000244140625,1384.5,1369.0,1381.300048828125,11411143
2025-09-26,1377.5999755859375,1382.699951171875,1366.0,1372.0,9879109
2025-09-29,1372.800048828125,1389.0,1368.0,1381.5999755859375,14231999
2025-09-30,1364.0,1377.0999755859375,1362.800048828125,1377.0999755859375,14604684
2025-10-01,1368.699951171875,1378.5999755859375,1362.699951171875,1367.0,12045916
2025-10-03,1363.4000244140625,1371.5999755859375,1356.9000244140625,1363.199951171875,12842347
2025-10-06,1375.0,1377.4000244140625,1359.0,1360.0,12396580
2025-10-07,1384.800048828125,1395.9000244140625,1375.9000244140625,1376.0,11244040
2025-10-08,1367.4000244140625,1389.0,1364.5,1384.800048828125,8525081
2025-10-09,1377.800048828125,1380.0,1369.0999755859375,1374.0,8826633
2025-10-10,1381.699951171875,1388.0,1375.0999755859375,1377.800048828125,6373084
2025-10-13,1375.0,1377.699951171875,1367.800048828125,1376.9000244140625,7600682
2025-10-14,1375.9000244140625,1388.0,1370.0999755859375,1380.0,9768174
2025-10-15,1374.300048828125,1384.0,1372.699951171875,1383.0,10882743
2025-10-16,1398.300048828125,1400.5,1375.0,1375.0999755859375,12315932
2025-10-17,1416.800048828125,1423.300048828125,1399.0999755859375,1401.0,19335561
2025-10-20,1466.800048828125,1473.800048828125,1433.300048828125,1440.0,24721978
2025-10-21,1465.199951171875,1474.0,1460.0,1468.0,2066169
2025-10-23,1448.4000244140625,1482.9000244140625,1444.5999755859375,1475.0,18707090
2025-10-24,1451.5999755859375,1459.800048828125,1441.0,1450.0,9700837
2025-10-27,1484.0999755859375,1485.0,1458.0,1463.0,14113867
2025-10-28,1486.9000244140625,1492.0,1477.5999755859375,1484.0999755859375,17631577
2025-10-29,1504.199951171875,1508.300048828125,1488.0999755859375,1490.0,11884745
2025-10-30,1488.5,1503.0999755859375,1484.0,1500.0,9318663
2025-10-31,1486.4000244140625,1497.5,1482.300048828125,1490.4000244140625,8758053
2025-11-03,1484.699951171875,1495.0,1479.300048828125,1486.0,8452085
2025-11-04,1473.0999755859375,1492.800048828125,1470.0999755859375,1483.9000244140625,10007806
2025-11-06,1496.0999755859375,1501.5999755859375,1476.199951171875,1484.0,16772678
2025-11-07,1478.0,1498.4000244140625,1475.9000244140625,1494.5999755859375,7821765
2025-11-10,1489.300048828125,1501.0,1475.5,1477.9000244140625,7068438
2025-11-11,1493.4000244140625,1498.800048828125,1480.199951171875,1497.0,7127506
2025-11-12,1511.5,1524.699951171875,1500.0,1505.0,12384459
2025-11-13,1510.9000244140625,1522.0999755859375,1506.800048828125,1515.0,7196443
2025-11-14,1518.9000244140625,1520.9000244140625,1505.5,1505.5,7682823
2025-11-17,1518.300048828125,1523.699951171875,1511.5,1520.9000244140625,5871416
2025-11-18,1519.4000244140625,1527.800048828125,1510.5,1521.699951171875,11045042
2025-11-19,1518.9000244140625,1522.300048828125,1512.0,1517.4000244140625,5692366
2025-11-20,1549.0999755859375,1550.9000244140625,1526.699951171875,1530.0,18171724
2025-11-21,1546.5999755859375,1557.800048828125,1540.0999755859375,1541.0,9615271
2025-11-24,1535.9000244140625,1550.0,1531.800048828125,1550.0,18433951
2025-11-25,1539.699951171875,1559.5999755859375,1525.0999755859375,1535.9000244140625,15033482
2025-11-26,1569.9000244140625,1571.5999755859375,1540.5,1542.300048828125,14054299
2025-11-27,1563.4000244140625,1575.5,1556.0,1575.0,9794643
2025-11-28,1567.5,1581.300048828125,1563.0,1568.0,8959508
2025-12-01,1566.0999755859375,1577.5,1563.5999755859375,1575.0,8920233
2025-12-02,1546.300048828125,1567.5,1542.0,1561.0999755859375,11389150
2025-12-03,1538.800048828125,1552.4000244140625,1533.0,1545.199951171875,6090883
2025-12-04,1535.5999755859375,1560.5,1517.5999755859375,1536.0,11867930
2025-12-05,1540.5999755859375,1545.800048828125,1520.5999755859375,1530.4000244140625,10183266
2025-12-08,1543.0,1551.0,1535.0,1539.199951171875,11301491
2025-12-09,1529.4000244140625,1542.5,1520.0999755859375,1540.300048828125,11503971
2025-12-10,1536.9000244140625,1547.5,1531.4000244140625,1534.0,7991629
2025-12-11,1545.0,1550.0,1524.0,1536.9000244140625,4706197
2025-12-12,1556.5,1559.800048828125,1546.0999755859375,1550.800048828125,5106655
2025-12-15,1556.199951171875,1558.5999755859375,1546.5,1551.199951171875,5774543
2025-12-16,1542.300048828125,1551.699951171875,1538.800048828125,1545.0,11731856
2025-12-17,1544.4000244140625,1550.0,1539.300048828125,1550.0,7116649
2025-12-18,1544.4000244140625,1551.5,1535.199951171875,1535.199951171875,6580829
2025-12-19,1565.0999755859375,1574.199951171875,1551.0,1554.4000244140625,13937275
2025-12-22,1575.4000244140625,1577.5,1565.300048828125,1573.5,10184852
2025-12-23,1570.699951171875,1580.9000244140625,1568.0999755859375,1580.9000244140625,7506564
2025-12-24,1558.199951171875,1575.699951171875,1553.5999755859375,1572.699951171875,8815745
2025-12-26,1559.199951171875,1561.0,1554.300048828125,1554.699951171875,2311495
2025-12-29,1545.5999755859375,1558.0999755859375,1543.5999755859375,1554.9000244140625,5972105
2025-12-30,1539.800048828125,1553.5999755859375,1537.800048828125,1547.0,8815884
2025-12-31,1570.4000244140625,1577.0,1541.0,1541.0,5771830
2026-01-01,1575.5999755859375,1592.5,1571.0999755859375,1573.699951171875,6408128
2026-01-02,1592.300048828125,1594.5999755859375,1578.199951171875,1580.0,6602230
2026-01-05,1578.0999755859375,1611.800048828125,1575.300048828125,1593.0,8704973
2026-01-06,1507.5999755859375,1569.0,1496.300048828125,1569.0,27417125
2026-01-07,1504.199951171875,1520.0,1498.0,1510.0,11199340
2026-01-08,1470.5999755859375,1503.9000244140625,1468.800048828125,1500.0,16518684
2026-01-09,1475.300048828125,1479.9000244140625,1465.0,1465.0,8335311
2026-01-12,1483.199951171875,1485.300048828125,1451.0,1475.300048828125,8883745
2026-01-13,1452.800048828125,1485.800048828125,1444.699951171875,1485.0,13499760
2026-01-14,1458.800048828125,1467.0,1440.199951171875,1444.0,8321764
2026-01-15,1458.800048828125,1458.800048828125,1458.800048828125,1458.800048828125,0
2026-01-16,1457.9000244140625,1480.0,1455.0999755859375,1458.800048828125,17167161
2026-01-19,1413.5999755859375,1450.5999755859375,1403.300048828125,1450.5999755859375,20392765
2026-01-20,1394.0,1416.0,1390.0,1410.699951171875,13189498
2026-01-21,1404.5999755859375,1412.9000244140625,1373.0,1389.5,17352720
2026-01-22,1402.5,1419.5,1395.0,1410.0999755859375,15721693
2026-01-23,1386.0999755859375,1407.0,1381.0,1401.800048828125,9837802
2026-01-27,1380.5,1391.5999755859375,1368.0,1380.0,26302396
2026-01-28,1396.699951171875,1409.9000244140625,1384.9000244140625,1385.0,11121657
2026-01-29,1391.0,1402.9000244140625,1384.0,1402.9000244140625,20846683
2026-01-30,1395.4000244140625,1398.0,1378.5,1382.5999755859375,11239835
